unit_id,zone,hour,forecast_power,actual_power,curtailment
WIND鄂东,鄂东,0,267.7269,267.7269,0.0
WIND鄂东,鄂东,1,236.6861,236.6861,0.0
WIND鄂东,鄂东,2,132.4777,132.4777,0.0
WIND鄂东,鄂东,3,111.9686,111.9686,0.0
WIND鄂东,鄂东,4,82.0364,82.0364,0.0
WIND鄂东,鄂东,5,59.3101,59.3101,0.0
WIND鄂东,鄂东,6,81.4821,81.4821,0.0
WIND鄂东,鄂东,7,130.2605,130.26050000000004,0.0
WIND鄂东,鄂东,8,228.9259,228.9259,0.0
WIND鄂东,鄂东,9,344.2203,344.22029999999995,0.0
WIND鄂东,鄂东,10,271.0527,271.05269999999996,0.0
WIND鄂东,鄂东,11,186.2448,186.2448,0.0
WIND鄂东,鄂东,12,187.3534,187.3534,0.0
WIND鄂东,鄂东,13,308.7451,308.7451,0.0
WIND鄂东,鄂东,14,519.3791,519.3791,0.0
WIND鄂东,鄂东,15,714.4926999999999,714.4926999999999,0.0
WIND鄂东,鄂东,16,744.9792,744.9792000000002,0.0
WIND鄂东,鄂东,17,756.0652,756.0652,0.0
WIND鄂东,鄂东,18,1016.0319,1016.0319,0.0
WIND鄂东,鄂东,19,1207.2654,1207.2654,0.0
WIND鄂东,鄂东,20,1402.9333,1402.9333,0.0
WIND鄂东,鄂东,21,1593.0582,1593.0582,0.0
WIND鄂东,鄂东,22,1642.9451999999999,1642.9451999999999,0.0
WIND鄂东,鄂东,23,1507.1417,1507.1417,0.0
WIND鄂西,鄂西,0,345.2001,345.2001,0.0
WIND鄂西,鄂西,1,305.1769,305.1769,0.0
WIND鄂西,鄂西,2,170.8133,170.8133,0.0
WIND鄂西,鄂西,3,144.36939999999998,144.36939999999998,0.0
WIND鄂西,鄂西,4,105.77560000000001,105.77560000000001,0.0
WIND鄂西,鄂西,5,76.4729,76.4729,0.0
WIND鄂西,鄂西,6,105.06089999999999,105.06089999999999,0.0
WIND鄂西,鄂西,7,167.9545,167.9545,0.0
WIND鄂西,鄂西,8,295.1711,295.1711,0.0
WIND鄂西,鄂西,9,443.8287,443.8287,0.0
WIND鄂西,鄂西,10,349.4883,349.4883,0.0
WIND鄂西,鄂西,11,240.1392,240.1392,0.0
WIND鄂西,鄂西,12,241.56859999999998,241.56859999999998,0.0
WIND鄂西,鄂西,13,398.0879,398.0879,0.0
WIND鄂西,鄂西,14,669.6739,669.6738999999998,0.0
WIND鄂西,鄂西,15,921.2482999999999,921.2482999999999,0.0
WIND鄂西,鄂西,16,960.5568,960.5568,0.0
WIND鄂西,鄂西,17,974.8507999999999,974.8507999999999,0.0
WIND鄂西,鄂西,18,1310.0450999999998,1310.0450999999998,0.0
WIND鄂西,鄂西,19,1556.6166,1556.6166,0.0
WIND鄂西,鄂西,20,1808.9057,1808.9057,0.0
WIND鄂西,鄂西,21,2054.0478,2054.0478,0.0
WIND鄂西,鄂西,22,2118.3708,2118.3708,0.0
WIND鄂西,鄂西,23,1943.2693,1943.2693,0.0
WIND鄂西北,鄂西北,0,44.073750000000004,44.073750000000004,0.0
WIND鄂西北,鄂西北,1,38.963750000000005,38.963750000000005,0.0
WIND鄂西北,鄂西北,2,21.80875,21.80875,0.0
WIND鄂西北,鄂西北,3,18.4325,18.4325,0.0
WIND鄂西北,鄂西北,4,13.505,13.505,0.0
WIND鄂西北,鄂西北,5,9.76375,9.76375,0.0
WIND鄂西北,鄂西北,6,13.41375,13.41375,0.0
WIND鄂西北,鄂西北,7,21.44375,21.44375,0.0
WIND鄂西北,鄂西北,8,37.68625,37.68625,0.0
WIND鄂西北,鄂西北,9,56.666250000000005,56.666250000000005,0.0
WIND鄂西北,鄂西北,10,44.621249999999996,44.621249999999996,0.0
WIND鄂西北,鄂西北,11,30.659999999999997,30.659999999999997,0.0
WIND鄂西北,鄂西北,12,30.842499999999998,30.842499999999998,0.0
WIND鄂西北,鄂西北,13,50.82625,50.82624999999999,0.0
WIND鄂西北,鄂西北,14,85.50125,85.50125,0.0
WIND鄂西北,鄂西北,15,117.62124999999999,117.62124999999997,0.0
WIND鄂西北,鄂西北,16,122.63999999999999,122.63999999999999,0.0
WIND鄂西北,鄂西北,17,124.46499999999999,124.46499999999999,0.0
WIND鄂西北,鄂西北,18,167.26125,167.26125,0.0
WIND鄂西北,鄂西北,19,198.7425,198.7425,0.0
WIND鄂西北,鄂西北,20,230.95374999999999,230.95374999999999,0.0
WIND鄂西北,鄂西北,21,262.2525,262.2525,0.0
WIND鄂西北,鄂西北,22,270.465,270.465,0.0
WIND鄂西北,鄂西北,23,248.10875,248.10875,0.0
PV鄂东,鄂东,0,0.0,0.0,0.0
PV鄂东,鄂东,1,0.0,0.0,0.0
PV鄂东,鄂东,2,0.0,0.0,0.0
PV鄂东,鄂东,3,0.0,0.0,0.0
PV鄂东,鄂东,4,0.0,0.0,0.0
PV鄂东,鄂东,5,0.0,0.0,0.0
PV鄂东,鄂东,6,0.0,0.0,0.0
PV鄂东,鄂东,7,149.92000000000002,149.92000000000002,0.0
PV鄂东,鄂东,8,145.23499999999999,145.23499999999996,0.0
PV鄂东,鄂东,9,154.605,154.605,0.0
PV鄂东,鄂东,10,852.6700000000001,852.6700000000001,0.0
PV鄂东,鄂东,11,2679.82,2679.82,0.0
PV鄂东,鄂东,12,4090.005,4090.005,0.0
PV鄂东,鄂东,13,3752.6850000000004,3752.6850000000004,0.0
PV鄂东,鄂东,14,2928.125,2928.125,0.0
PV鄂东,鄂东,15,2515.845,2515.845,0.0
PV鄂东,鄂东,16,1836.52,1836.52,0.0
PV鄂东,鄂东,17,993.22,993.22,0.0
PV鄂东,鄂东,18,370.115,370.115,0.0
PV鄂东,鄂东,19,149.92000000000002,149.92000000000002,0.0
PV鄂东,鄂东,20,145.23499999999999,145.2349999999999,0.0
PV鄂东,鄂东,21,0.0,0.0,0.0
PV鄂东,鄂东,22,0.0,0.0,0.0
PV鄂东,鄂东,23,0.0,0.0,0.0
PV鄂西,鄂西,0,0.0,0.0,0.0
PV鄂西,鄂西,1,0.0,0.0,0.0
PV鄂西,鄂西,2,0.0,0.0,0.0
PV鄂西,鄂西,3,0.0,0.0,0.0
PV鄂西,鄂西,4,0.0,0.0,0.0
PV鄂西,鄂西,5,0.0,0.0,0.0
PV鄂西,鄂西,6,0.0,0.0,0.0
PV鄂西,鄂西,7,146.4512,146.45120000000003,0.0
PV鄂西,鄂西,8,141.8746,141.8746,0.0
PV鄂西,鄂西,9,151.0278,151.02780000000007,0.0
PV鄂西,鄂西,10,832.9412000000001,832.9412000000002,0.0
PV鄂西,鄂西,11,2617.8152,2617.8152,0.0
PV鄂西,鄂西,12,3995.3718,3995.3717999999994,0.0
PV鄂西,鄂西,13,3665.8566,3665.8566,0.0
PV鄂西,鄂西,14,2860.375,2860.375,0.0
PV鄂西,鄂西,15,2457.6342,2457.6342,0.0
PV鄂西,鄂西,16,1794.0272,1794.0272,0.0
PV鄂西,鄂西,17,970.2392,970.2392,0.0
PV鄂西,鄂西,18,361.55140000000006,361.55140000000006,0.0
PV鄂西,鄂西,19,146.4512,146.45119999999997,0.0
PV鄂西,鄂西,20,141.8746,141.87459999999987,0.0
PV鄂西,鄂西,21,0.0,0.0,0.0
PV鄂西,鄂西,22,0.0,0.0,0.0
PV鄂西,鄂西,23,0.0,0.0,0.0
PV鄂西北,鄂西北,0,0.0,0.0,0.0
PV鄂西北,鄂西北,1,0.0,0.0,0.0
PV鄂西北,鄂西北,2,0.0,0.0,0.0
PV鄂西北,鄂西北,3,0.0,0.0,0.0
PV鄂西北,鄂西北,4,0.0,0.0,0.0
PV鄂西北,鄂西北,5,0.0,0.0,0.0
PV鄂西北,鄂西北,6,0.0,0.0,0.0
PV鄂西北,鄂西北,7,7.34928,7.34928,0.0
PV鄂西北,鄂西北,8,7.1196150000000005,7.1196150000000005,0.0
PV鄂西北,鄂西北,9,7.578945,7.5789450000000045,0.0
PV鄂西北,鄂西北,10,41.79903,41.799029999999995,0.0
PV鄂西北,鄂西北,11,131.36838,131.36838,0.0
PV鄂西北,鄂西北,12,200.497545,200.497545,0.0
PV鄂西北,鄂西北,13,183.961665,183.961665,0.0
PV鄂西北,鄂西北,14,143.540625,143.540625,0.0
PV鄂西北,鄂西北,15,123.330105,123.330105,0.0
PV鄂西北,鄂西北,16,90.02868,90.02868000000001,0.0
PV鄂西北,鄂西北,17,48.68898,48.68898,0.0
PV鄂西北,鄂西北,18,18.143535000000004,18.143535000000004,0.0
PV鄂西北,鄂西北,19,7.34928,7.34928,0.0
PV鄂西北,鄂西北,20,7.1196150000000005,7.1196150000000005,0.0
PV鄂西北,鄂西北,21,0.0,0.0,0.0
PV鄂西北,鄂西北,22,0.0,0.0,0.0
PV鄂西北,鄂西北,23,0.0,0.0,0.0
